no,image,situs,poktan,desa,bast,bast_file
376,1844,https://mpo.psp.pertanian.go.id/v.5.1/pelaporan/81267/empty,Sederhana,Ganesha Mukti,18880000,1844
377,1845,https://mpo.psp.pertanian.go.id/v.5.1/pelaporan/81268/empty,Setia Abadi,Ganesha Mukti,18290000,1845
378,1846,https://mpo.psp.pertanian.go.id/v.5.1/pelaporan/81269/empty,Sinar Harapan,Ganesha Mukti,14160000,1846
379,1847,https://mpo.psp.pertanian.go.id/v.5.1/pelaporan/81270/empty,Suko Makmur,Ganesha Mukti,19470000,1847
380,1848,https://mpo.psp.pertanian.go.id/v.5.1/pelaporan/81271/empty,Tani Madu,Ganesha Mukti,21240000,1848
381,1849,https://mpo.psp.pertanian.go.id/v.5.1/pelaporan/81272/empty,Tunas Karya,Ganesha Mukti,16225000,1849
382,1850,https://mpo.psp.pertanian.go.id/v.5.1/pelaporan/81273/empty,Baru Muncul,Daya Kesuma,19470000,1850
383,1851,https://mpo.psp.pertanian.go.id/v.5.1/pelaporan/81274/empty,Harapan Maju,Daya Kesuma,20060000,1851
384,1852,https://mpo.psp.pertanian.go.id/v.5.1/pelaporan/81275/empty,Karya Tani,Daya Kesuma,18880000,1852
385,1853,https://mpo.psp.pertanian.go.id/v.5.1/pelaporan/81276/empty,Mekar Tani,Daya Kesuma,17700000,1853
386,1854,https://mpo.psp.pertanian.go.id/v.5.1/pelaporan/81277/empty,Ngudi Rahayu,Daya Kesuma,18880000,1854
387,1855,https://mpo.psp.pertanian.go.id/v.5.1/pelaporan/81278/empty,Sido Dadi,Daya Kesuma,6490000,1855
388,1856,https://mpo.psp.pertanian.go.id/v.5.1/pelaporan/81279/empty,Sido Mulyo,Daya Kesuma,5900000,1856
389,1857,https://mpo.psp.pertanian.go.id/v.5.1/pelaporan/81280/empty,Sido Rukun,Daya Kesuma,18880000,1857
390,1858,https://mpo.psp.pertanian.go.id/v.5.1/pelaporan/81281/empty,Sri Kuncung,Daya Kesuma,4130000,1858
391,1859,https://mpo.psp.pertanian.go.id/v.5.1/pelaporan/81282/empty,Sri Rahayu,Daya Kesuma,4720000,1859
392,1860,https://mpo.psp.pertanian.go.id/v.5.1/pelaporan/81283/empty,Suka Makmur,Daya Kesuma,5900000,1860
393,1861,https://mpo.psp.pertanian.go.id/v.5.1/pelaporan/81284/empty,Sumber Rejeki,Daya Kesuma,9440000,1861
394,1862,https://mpo.psp.pertanian.go.id/v.5.1/pelaporan/81285/empty,Sumber Sugih,Daya Kesuma,19470000,1862
395,1863,https://mpo.psp.pertanian.go.id/v.5.1/pelaporan/81286/empty,Tani Maju,Daya Kesuma,20060000,1863
396,1864,https://mpo.psp.pertanian.go.id/v.5.1/pelaporan/81287/empty,Ora Ngiro,Mekar Jaya,31270000,1864
397,1865,https://mpo.psp.pertanian.go.id/v.5.1/pelaporan/81288/empty,Rukun Sejati,Mekar Jaya,42480000,1865
398,1866,https://mpo.psp.pertanian.go.id/v.5.1/pelaporan/81289/empty,Rukun Sentosa,Mekar Jaya,41300000,1866
399,1867,https://mpo.psp.pertanian.go.id/v.5.1/pelaporan/81290/empty,Setya Rahayu,Mekar Jaya,29500000,1867
400,1868,https://mpo.psp.pertanian.go.id/v.5.1/pelaporan/81291/empty,Sido Dadi,Mekar Jaya,26550000,1868
401,1869,https://mpo.psp.pertanian.go.id/v.5.1/pelaporan/81292/empty,Tani Jaya,Mekar Jaya,27730000,1869
402,1870,https://mpo.psp.pertanian.go.id/v.5.1/pelaporan/81293/empty,Tani Makmur,Mekar Jaya,27730000,1870
403,1871,https://mpo.psp.pertanian.go.id/v.5.1/pelaporan/81294/empty,Tenaga Baru,Mekar Jaya,32450000,1871
404,1872,https://mpo.psp.pertanian.go.id/v.5.1/pelaporan/81296/empty,Tunas Harapan,Mekar Jaya,23600000,1872
405,1873,https://mpo.psp.pertanian.go.id/v.5.1/pelaporan/81297/empty,Tunas Muda,Mekar Jaya,32450000,1873
406,1874,https://mpo.psp.pertanian.go.id/v.5.1/pelaporan/81298/empty,Harapan Jaya,Jalur Mulya,20650000,1874
407,1875,https://mpo.psp.pertanian.go.id/v.5.1/pelaporan/81300/empty,Harapan Maju,Jalur Mulya,7965000,1875
408,1876,https://mpo.psp.pertanian.go.id/v.5.1/pelaporan/81301/empty,Karya Makmur,Jalur Mulya,30090000,1876
409,1877,https://mpo.psp.pertanian.go.id/v.5.1/pelaporan/81302/empty,Karya Mukti,Jalur Mulya,17110000,1877
410,1878,https://mpo.psp.pertanian.go.id/v.5.1/pelaporan/81303/empty,Karya Subur,Jalur Mulya,21240000,1878
411,1879,https://mpo.psp.pertanian.go.id/v.5.1/pelaporan/81304/empty,Karya Tani A,Jalur Mulya,14160000,1879
412,1880,https://mpo.psp.pertanian.go.id/v.5.1/pelaporan/81305/empty,Karya Tani B,Jalur Mulya,16225000,1880
413,1881,https://mpo.psp.pertanian.go.id/v.5.1/pelaporan/81307/empty,Mekar Tani A,Jalur Mulya,15045000,1881
414,1882,https://mpo.psp.pertanian.go.id/v.5.1/pelaporan/81308/empty,Mekar Tani B,Jalur Mulya,18880000,1882
415,1883,https://mpo.psp.pertanian.go.id/v.5.1/pelaporan/81309/empty,Mekar Tani C,Jalur Mulya,17110000,1883
416,1884,https://mpo.psp.pertanian.go.id/v.5.1/pelaporan/81310/empty,Setia Sakti,Jalur Mulya,11210000,1884
417,1885,https://mpo.psp.pertanian.go.id/v.5.1/pelaporan/81311/empty,Sinar Jaya,Jalur Mulya,27287500,1885
418,1886,https://mpo.psp.pertanian.go.id/v.5.1/pelaporan/81312/empty,Sri Rahayu,Jalur Mulya,14750000,1886
419,1887,https://mpo.psp.pertanian.go.id/v.5.1/pelaporan/81313/empty,Sri Rejeki,Jalur Mulya,14750000,1887
420,1888,https://mpo.psp.pertanian.go.id/v.5.1/pelaporan/81314/empty,Subur Bakti,Jalur Mulya,14160000,1888
421,1889,https://mpo.psp.pertanian.go.id/v.5.1/pelaporan/81315/empty,Sumber Harapan,Jalur Mulya,13570000,1889
422,1890,https://mpo.psp.pertanian.go.id/v.5.1/pelaporan/81316/empty,Agung Jaya,Beringin Agung,19175000,1890
423,1891,https://mpo.psp.pertanian.go.id/v.5.1/pelaporan/81317/empty,Fajar Jaya,Beringin Agung,18290000,1891
424,1892,https://mpo.psp.pertanian.go.id/v.5.1/pelaporan/81318/empty,Harapan Jaya,Beringin Agung,14750000,1892
425,1893,https://mpo.psp.pertanian.go.id/v.5.1/pelaporan/81319/empty,Makaryo Mukti,Beringin Agung,18880000,1893
426,1894,https://mpo.psp.pertanian.go.id/v.5.1/pelaporan/81320/empty,Margo Rukun,Beringin Agung,18880000,1894
427,1895,https://mpo.psp.pertanian.go.id/v.5.1/pelaporan/81321/empty,Margo Utomo,Beringin Agung,5900000,1895
428,1896,https://mpo.psp.pertanian.go.id/v.5.1/pelaporan/81322/empty,Mekar Jaya,Beringin Agung,7080000,1896
429,1897,https://mpo.psp.pertanian.go.id/v.5.1/pelaporan/81323/empty,Mulyo Dadi,Beringin Agung,7080000,1897
430,1898,https://mpo.psp.pertanian.go.id/v.5.1/pelaporan/81324/empty,Rukun Santoso,Beringin Agung,6490000,1898
431,1899,https://mpo.psp.pertanian.go.id/v.5.1/pelaporan/81325/empty,Sri Rejeki,Beringin Agung,8260000,1899
432,1900,https://mpo.psp.pertanian.go.id/v.5.1/pelaporan/81326/empty,Sumber Makmur,Beringin Agung,14160000,1900
433,1901,https://mpo.psp.pertanian.go.id/v.5.1/pelaporan/81327/empty,Sumber Tani,Beringin Agung,18880000,1901
434,1902,https://mpo.psp.pertanian.go.id/v.5.1/pelaporan/81328/empty,Tani Maju,Beringin Agung,10620000,1902
435,1903,https://mpo.psp.pertanian.go.id/v.5.1/pelaporan/81329/empty,Tani Mulyo,Beringin Agung,15930000,1903
436,1904,https://mpo.psp.pertanian.go.id/v.5.1/pelaporan/81330/empty,Margo Rukun,Tirta Mulya,7080000,1904
437,1905,https://mpo.psp.pertanian.go.id/v.5.1/pelaporan/81331/empty,Rukun Usaha,Tirta Mulya,6490000,1905
438,1906,https://mpo.psp.pertanian.go.id/v.5.1/pelaporan/81332/empty,Sri Handayani,Tirta Mulya,5310000,1906
439,1907,https://mpo.psp.pertanian.go.id/v.5.1/pelaporan/81333/empty,Tirta Kencana,Tirta Mulya,4720000,1907
440,1908,https://mpo.psp.pertanian.go.id/v.5.1/pelaporan/81334/empty,Sri Munggul,Tirta Mulya,4720000,1908
441,1909,https://mpo.psp.pertanian.go.id/v.5.1/pelaporan/81335/empty,Ranca Karya,Telang Makmur,11800000,1909
442,1910,https://mpo.psp.pertanian.go.id/v.5.1/pelaporan/81336/empty,Sederhana,Telang Makmur,11800000,1910
443,1911,https://mpo.psp.pertanian.go.id/v.5.1/pelaporan/81337/empty,Sri Mulih,Telang Makmur,8850000,1911
444,1912,https://mpo.psp.pertanian.go.id/v.5.1/pelaporan/81338/empty,Swakarsa,Telang Makmur,8850000,1912
445,1913,https://mpo.psp.pertanian.go.id/v.5.1/pelaporan/81339/empty,Suko Madyo,Telang Makmur,10325000,1913
446,1914,https://mpo.psp.pertanian.go.id/v.5.1/pelaporan/81340/empty,Rukun Makmur,Telang Makmur,11800000,1914
447,1915,https://mpo.psp.pertanian.go.id/v.5.1/pelaporan/81341/empty,Sumber Waras,Telang Makmur,7375000,1915
448,1916,https://mpo.psp.pertanian.go.id/v.5.1/pelaporan/81342/empty,Ayem,Telang Makmur,7375000,1916
449,1917,https://mpo.psp.pertanian.go.id/v.5.1/pelaporan/81343/empty,Mulya Tani,Telang Makmur,14750000,1917
450,1918,https://mpo.psp.pertanian.go.id/v.5.1/pelaporan/81344/empty,Sumber Harapan,Telang Makmur,14455000,1918
451,1919,https://mpo.psp.pertanian.go.id/v.5.1/pelaporan/81345/empty,Margo Rahayu,Telang Makmur,14455000,1919
452,1920,https://mpo.psp.pertanian.go.id/v.5.1/pelaporan/81346/empty,Budi Martani,Telang Makmur,14455000,1920
453,1921,https://mpo.psp.pertanian.go.id/v.5.1/pelaporan/81347/empty,Muji Rahayu,Telang Makmur,17700000,1921
454,1922,https://mpo.psp.pertanian.go.id/v.5.1/pelaporan/81348/empty,Mukti Sari,Telang Makmur,17700000,1922
455,1923,https://mpo.psp.pertanian.go.id/v.5.1/pelaporan/81349/empty,Maju Jaya,Telang Makmur,21830000,1923
456,1924,https://mpo.psp.pertanian.go.id/v.5.1/pelaporan/81350/empty,Krido Martani,Telang Makmur,17700000,1924
457,1925,https://mpo.psp.pertanian.go.id/v.5.1/pelaporan/81351/empty,Sido Mulyo,Telang Makmur,23600000,1925
458,1926,https://mpo.psp.pertanian.go.id/v.5.1/pelaporan/81352/empty,Ar Rohmah,Telang Makmur,17700000,1926
459,1927,https://mpo.psp.pertanian.go.id/v.5.1/pelaporan/81353/empty,Tani Makmuir Jaya,Upang Ceria,11800000,1927
460,1928,https://mpo.psp.pertanian.go.id/v.5.1/pelaporan/81354/empty,Usaha Bersama,Upang Ceria,11800000,1928
461,1929,https://mpo.psp.pertanian.go.id/v.5.1/pelaporan/81355/empty,Tiga Dara,Upang Ceria,5900000,1929
462,1930,https://mpo.psp.pertanian.go.id/v.5.1/pelaporan/81356/empty,Tani Maju,Upang Ceria,7375000,1930
463,1931,https://mpo.psp.pertanian.go.id/v.5.1/pelaporan/81357/empty,Tani Jaya,Upang Ceria,14750000,1931
464,1932,https://mpo.psp.pertanian.go.id/v.5.1/pelaporan/81358/empty,Tani Harapan,Upang Ceria,4425000,1932
465,1933,https://mpo.psp.pertanian.go.id/v.5.1/pelaporan/81359/empty,Tani Bersama,Upang Ceria,7375000,1933
466,1934,https://mpo.psp.pertanian.go.id/v.5.1/pelaporan/81360/empty,Sumber Tani,Upang Ceria,12390000,1934
467,1935,https://mpo.psp.pertanian.go.id/v.5.1/pelaporan/81361/empty,Sumber Rezeki,Upang Ceria,8850000,1935
468,1936,https://mpo.psp.pertanian.go.id/v.5.1/pelaporan/81362/empty,Sumber Mulyo,Upang Ceria,12390000,1936
469,1937,https://mpo.psp.pertanian.go.id/v.5.1/pelaporan/81363/empty,Sumber Karya,Upang Ceria,14160000,1937
470,1938,https://mpo.psp.pertanian.go.id/v.5.1/pelaporan/81364/empty,Sumber Agung,Upang Ceria,7375000,1938
471,1939,https://mpo.psp.pertanian.go.id/v.5.1/pelaporan/81366/empty,Suka Makmur,Upang Ceria,6490000,1939
472,1940,https://mpo.psp.pertanian.go.id/v.5.1/pelaporan/81367/empty,Suka Maju,Upang Ceria,8850000,1940
473,1941,https://mpo.psp.pertanian.go.id/v.5.1/pelaporan/81369/empty,Subur Makmur,Upang Ceria,5900000,1941
474,1942,https://mpo.psp.pertanian.go.id/v.5.1/pelaporan/81370/empty,Sama Tani,Upang Ceria,11800000,1942
475,1943,https://mpo.psp.pertanian.go.id/v.5.1/pelaporan/81372/empty,Rahmat Jaya,Upang Ceria,5900000,1943
476,1944,https://mpo.psp.pertanian.go.id/v.5.1/pelaporan/81373/empty,Panca Mukti,Upang Ceria,20650000,1944
477,1945,https://mpo.psp.pertanian.go.id/v.5.1/pelaporan/81375/empty,Mulya Tani,Upang Ceria,5900000,1945
478,1946,https://mpo.psp.pertanian.go.id/v.5.1/pelaporan/81376/empty,Mekar Jaya,Upang Ceria,5900000,1946
479,1947,https://mpo.psp.pertanian.go.id/v.5.1/pelaporan/81377/empty,Maju Bersama,Upang Ceria,5900000,1947
480,1948,https://mpo.psp.pertanian.go.id/v.5.1/pelaporan/81378/empty,Maju Bersama Tani,Upang Ceria,5900000,1948
481,1949,https://mpo.psp.pertanian.go.id/v.5.1/pelaporan/81379/empty,Karya Tani,Upang Ceria,5900000,1949
482,1950,https://mpo.psp.pertanian.go.id/v.5.1/pelaporan/81380/empty,Karya Jaya Agung,Upang Ceria,11800000,1950
483,1951,https://mpo.psp.pertanian.go.id/v.5.1/pelaporan/81382/empty,Karya Bersama,Upang Ceria,8850000,1951
484,1952,https://mpo.psp.pertanian.go.id/v.5.1/pelaporan/81383/empty,Harapan Mulyo,Upang Ceria,5900000,1952
485,1953,https://mpo.psp.pertanian.go.id/v.5.1/pelaporan/81384/empty,Harapan Jaya,Upang Ceria,8850000,1953
486,1954,https://mpo.psp.pertanian.go.id/v.5.1/pelaporan/81386/empty,Cemara Jaya,Upang Ceria,5900000,1954
487,1955,https://mpo.psp.pertanian.go.id/v.5.1/pelaporan/81387/empty,Cahaya Tani,Upang Ceria,8850000,1955
488,1956,https://mpo.psp.pertanian.go.id/v.5.1/pelaporan/81388/empty,Bumi Adem Ayem,Upang Ceria,5900000,1956
489,1957,https://mpo.psp.pertanian.go.id/v.5.1/pelaporan/81390/empty,Bintang Timur,Upang Ceria,11800000,1957
490,1958,https://mpo.psp.pertanian.go.id/v.5.1/pelaporan/81391/empty,Berkat Tani,Upang Ceria,7670000,1958
491,1959,https://mpo.psp.pertanian.go.id/v.5.1/pelaporan/81392/empty,Berkat Jaya,Upang Ceria,5900000,1959
492,1960,https://mpo.psp.pertanian.go.id/v.5.1/pelaporan/81394/empty,Family Jaya,Upang Ceria,5900000,1960
493,1961,https://mpo.psp.pertanian.go.id/v.5.1/pelaporan/81395/empty,Sri Rejeki,Damar Wulan,17700000,1961
494,1962,https://mpo.psp.pertanian.go.id/v.5.1/pelaporan/81396/empty,Tani Maju A,Damar Wulan,19175000,1962
495,1963,https://mpo.psp.pertanian.go.id/v.5.1/pelaporan/81397/empty,Margo Rukun 3,Damar Wulan,18585000,1963
496,1964,https://mpo.psp.pertanian.go.id/v.5.1/pelaporan/81399/empty,Tani Maju B,Damar Wulan,15930000,1964
497,1965,https://mpo.psp.pertanian.go.id/v.5.1/pelaporan/81400/empty,Sendang Makmur,Damar Wulan,15635000,1965
498,1966,https://mpo.psp.pertanian.go.id/v.5.1/pelaporan/81401/empty,Margo Rukun 6,Damar Wulan,15635000,1966
499,1967,https://mpo.psp.pertanian.go.id/v.5.1/pelaporan/81402/empty,Karya Bakti,Damar Wulan,18880000,1967
500,1968,https://mpo.psp.pertanian.go.id/v.5.1/pelaporan/81404/empty,Margo Utomo,Damar Wulan,17405000,1968
501,1969,https://mpo.psp.pertanian.go.id/v.5.1/pelaporan/81405/empty,Mekar Sari,Damar Wulan,19470000,1969
502,1970,https://mpo.psp.pertanian.go.id/v.5.1/pelaporan/81406/empty,Anur Tegal Rejo,Damar Wulan,41300000,1970
503,1971,https://mpo.psp.pertanian.go.id/v.5.1/pelaporan/81408/empty,Bersatu Padu,Air Solok Batu,23600000,1971
504,1972,https://mpo.psp.pertanian.go.id/v.5.1/pelaporan/81409/empty,Bone Jaya,Air Solok Batu,23600000,1972
505,1973,https://mpo.psp.pertanian.go.id/v.5.1/pelaporan/81410/empty,Karya Jaya,Air Solok Batu,23600000,1973
506,1974,https://mpo.psp.pertanian.go.id/v.5.1/pelaporan/81411/empty,Karya Mulia,Air Solok Batu,23600000,1974
507,1975,https://mpo.psp.pertanian.go.id/v.5.1/pelaporan/81413/empty,Karya Utama,Air Solok Batu,23600000,1975
508,1976,https://mpo.psp.pertanian.go.id/v.5.1/pelaporan/81414/empty,Maju Bersama,Air Solok Batu,23600000,1976
509,1977,https://mpo.psp.pertanian.go.id/v.5.1/pelaporan/81416/empty,Rumpunmas Jaya,Air Solok Batu,23600000,1977
510,1978,https://mpo.psp.pertanian.go.id/v.5.1/pelaporan/81417/empty,Sumber Manis,Air Solok Batu,23600000,1978
511,1979,https://mpo.psp.pertanian.go.id/v.5.1/pelaporan/81418/empty,Sumber Pangan,Air Solok Batu,23600000,1979
512,1980,https://mpo.psp.pertanian.go.id/v.5.1/pelaporan/81419/empty,Tani Jaya,Air Solok Batu,23600000,1980
513,1981,https://mpo.psp.pertanian.go.id/v.5.1/pelaporan/81421/empty,Bumi Lestari I,Upang,21240000,1981
514,1982,https://mpo.psp.pertanian.go.id/v.5.1/pelaporan/81422/empty,Bumi Lestari II,Upang,20060000,1982
515,1983,https://mpo.psp.pertanian.go.id/v.5.1/pelaporan/81423/empty,Usaha Mandiri,Upang,14750000,1983
516,1984,https://mpo.psp.pertanian.go.id/v.5.1/pelaporan/81425/empty,Mandala II,Upang,12980000,1984
517,1985,https://mpo.psp.pertanian.go.id/v.5.1/pelaporan/81426/empty,Karya Banten,Upang,20060000,1985
518,1986,https://mpo.psp.pertanian.go.id/v.5.1/pelaporan/81428/empty,Parit Asia,Upang,12390000,1986
519,1987,https://mpo.psp.pertanian.go.id/v.5.1/pelaporan/81429/empty,Sejahtera,Upang,17700000,1987
520,1988,https://mpo.psp.pertanian.go.id/v.5.1/pelaporan/81430/empty,Bahrul Ulum,Upang,10030000,1988
521,1989,https://mpo.psp.pertanian.go.id/v.5.1/pelaporan/81431/empty,Karya Utama,Upang,14750000,1989
522,1990,https://mpo.psp.pertanian.go.id/v.5.1/pelaporan/81433/empty,Tani Makmur I,Upang,10620000,1990
523,1991,https://mpo.psp.pertanian.go.id/v.5.1/pelaporan/81434/empty,Tani Makmur II,Upang,16520000,1991
524,1992,https://mpo.psp.pertanian.go.id/v.5.1/pelaporan/81435/empty,Suka Damai,Upang,19470000,1992
525,1993,https://mpo.psp.pertanian.go.id/v.5.1/pelaporan/81437/empty,Srimulya,Upang,11800000,1993
526,1994,https://mpo.psp.pertanian.go.id/v.5.1/pelaporan/81438/empty,Sida Mulya,Upang,11210000,1994
527,1995,https://mpo.psp.pertanian.go.id/v.5.1/pelaporan/81439/empty,Mandala I,Upang,4720000,1995
528,1996,https://mpo.psp.pertanian.go.id/v.5.1/pelaporan/81440/empty,Parit Jaya,Upang,6490000,1996
529,1997,https://mpo.psp.pertanian.go.id/v.5.1/pelaporan/81441/empty,Al Barokah,Upang,14750000,1997
530,1998,https://mpo.psp.pertanian.go.id/v.5.1/pelaporan/81442/empty,Arrohmah,Upang,9440000,1998
531,1999,https://mpo.psp.pertanian.go.id/v.5.1/pelaporan/81443/empty,Sukamaju A,Saleh Mulya,20355000,1999
532,2000,https://mpo.psp.pertanian.go.id/v.5.1/pelaporan/81444/empty,Sukamaju B,Saleh Mulya,17700000,2000
533,2001,https://mpo.psp.pertanian.go.id/v.5.1/pelaporan/81445/empty,Sumber Harapan,Saleh Mulya,15045000,2001
534,2002,https://mpo.psp.pertanian.go.id/v.5.1/pelaporan/81446/empty,Makmur Jaya Abadi,Saleh Mulya,17700000,2002
535,2003,https://mpo.psp.pertanian.go.id/v.5.1/pelaporan/81447/empty,Taruna Tani,Saleh Mulya,15340000,2003
536,2004,https://mpo.psp.pertanian.go.id/v.5.1/pelaporan/81448/empty,Margo Makmur,Saleh Mulya,15340000,2004
537,2005,https://mpo.psp.pertanian.go.id/v.5.1/pelaporan/81449/empty,Usaha Tani,Saleh Mulya,14750000,2005
538,2006,https://mpo.psp.pertanian.go.id/v.5.1/pelaporan/81450/empty,Harapan Baru,Saleh Mulya,18585000,2006
539,2007,https://mpo.psp.pertanian.go.id/v.5.1/pelaporan/81451/empty,Mekar Jaya,Upang Marga,18585000,2007
540,2008,https://mpo.psp.pertanian.go.id/v.5.1/pelaporan/81452/empty,Sri Fatmawati,Upang Marga,11800000,2008
541,2009,https://mpo.psp.pertanian.go.id/v.5.1/pelaporan/81453/empty,Jaya Makmur,Upang Marga,13275000,2009
542,2010,https://mpo.psp.pertanian.go.id/v.5.1/pelaporan/81454/empty,Panca Tani,Upang Marga,11800000,2010
543,2011,https://mpo.psp.pertanian.go.id/v.5.1/pelaporan/81455/empty,Karya Baru,Upang Marga,11800000,2011
544,2012,https://mpo.psp.pertanian.go.id/v.5.1/pelaporan/81456/empty,Tunas Harapan,Upang Marga,10325000,2012
545,2013,https://mpo.psp.pertanian.go.id/v.5.1/pelaporan/81457/empty,Harapan Baru,Upang Marga,12390000,2013
546,2014,https://mpo.psp.pertanian.go.id/v.5.1/pelaporan/81458/empty,Tani Makmur,Upang Marga,21240000,2014
547,2015,https://mpo.psp.pertanian.go.id/v.5.1/pelaporan/81460/empty,Jaya Sentosa,Upang Marga,27140000,2015
548,2016,https://mpo.psp.pertanian.go.id/v.5.1/pelaporan/81461/empty,Marga Jaya,Upang Marga,24190000,2016
549,2017,https://mpo.psp.pertanian.go.id/v.5.1/pelaporan/81463/empty,Marga Mukti,Upang Marga,14160000,2017
550,2018,https://mpo.psp.pertanian.go.id/v.5.1/pelaporan/81464/empty,Tani Jaya,Upang Marga,14160000,2018
551,2019,https://mpo.psp.pertanian.go.id/v.5.1/pelaporan/81465/empty,Usaha Tani,Upang Marga,18290000,2019
552,2020,https://mpo.psp.pertanian.go.id/v.5.1/pelaporan/81467/empty,Sendang Rezeki,Upang Marga,18585000,2020
553,2021,https://mpo.psp.pertanian.go.id/v.5.1/pelaporan/81468/empty,Sumber Rejeki I,Upang Marga,13275000,2021
554,2022,https://mpo.psp.pertanian.go.id/v.5.1/pelaporan/81469/empty,Sumber Rejeki II,Upang Marga,5900000,2022
555,2023,https://mpo.psp.pertanian.go.id/v.5.1/pelaporan/81470/empty,Pada Idi,Upang Marga,18585000,2023
556,2024,https://mpo.psp.pertanian.go.id/v.5.1/pelaporan/81471/empty,Karya Bersama I,Upang Marga,8555000,2024
557,2025,https://mpo.psp.pertanian.go.id/v.5.1/pelaporan/81473/empty,Karya Bersama II,Upang Marga,7375000,2025
558,2026,https://mpo.psp.pertanian.go.id/v.5.1/pelaporan/81474/empty,Berkat Usaha I,Upang Marga,15340000,2026
559,2027,https://mpo.psp.pertanian.go.id/v.5.1/pelaporan/81475/empty,Berkat Usaha II,Upang Marga,14160000,2027
560,2028,https://mpo.psp.pertanian.go.id/v.5.1/pelaporan/81476/empty,Tani Subur,Upang Marga,15340000,2028
561,2029,https://mpo.psp.pertanian.go.id/v.5.1/pelaporan/81477/empty,Parit Gayam I,Upang Marga,25075000,2029
562,2030,https://mpo.psp.pertanian.go.id/v.5.1/pelaporan/81478/empty,Parit Gayam II,Upang Marga,21535000,2030
563,2031,https://mpo.psp.pertanian.go.id/v.5.1/pelaporan/81479/empty,Sungai Tapah,Upang Marga,21240000,2031
564,2032,https://mpo.psp.pertanian.go.id/v.5.1/pelaporan/81480/empty,Marga Raya,Upang Marga,8850000,2032
565,2033,https://mpo.psp.pertanian.go.id/v.5.1/pelaporan/81481/empty,Sumber Tani,Upang Marga,7375000,2033
566,2034,https://mpo.psp.pertanian.go.id/v.5.1/pelaporan/81482/empty,Marga Sentosa,Upang Marga,14160000,2034
567,2035,https://mpo.psp.pertanian.go.id/v.5.1/pelaporan/81483/empty,Marga Mulya,Upang Marga,15635000,2035
568,2036,https://mpo.psp.pertanian.go.id/v.5.1/pelaporan/81484/empty,Marga Batu,Upang Marga,21240000,2036
569,2037,https://mpo.psp.pertanian.go.id/v.5.1/pelaporan/81485/empty,Suka Maju,Upang Marga,13275000,2037
570,2038,https://mpo.psp.pertanian.go.id/v.5.1/pelaporan/81486/empty,Usaha Bersama,Upang Marga,12685000,2038
571,2039,https://mpo.psp.pertanian.go.id/v.5.1/pelaporan/81487/empty,Parit Buyut,Upang Marga,10620000,2039
572,2040,https://mpo.psp.pertanian.go.id/v.5.1/pelaporan/81488/empty,Tani Muda I,Upang Marga,5900000,2040
573,2041,https://mpo.psp.pertanian.go.id/v.5.1/pelaporan/81489/empty,Marga Usaha,Sidoharjo,21535000,2041
574,2042,https://mpo.psp.pertanian.go.id/v.5.1/pelaporan/81490/empty,Panca Usaha,Sidoharjo,21240000,2042
575,2043,https://mpo.psp.pertanian.go.id/v.5.1/pelaporan/81491/empty,Karya Tani,Sidoharjo,21535000,2043
576,2044,https://mpo.psp.pertanian.go.id/v.5.1/pelaporan/81492/empty,Tirrto Ayu,Sidoharjo,20945000,2044
577,2045,https://mpo.psp.pertanian.go.id/v.5.1/pelaporan/81493/empty,Karya Bakti,Sidoharjo,20650000,2045
578,2046,https://mpo.psp.pertanian.go.id/v.5.1/pelaporan/81495/empty,Taruna Bakti,Sidoharjo,20945000,2046
579,2047,https://mpo.psp.pertanian.go.id/v.5.1/pelaporan/81496/empty,Hasil Sempurna,Sidoharjo,19470000,2047
580,2048,https://mpo.psp.pertanian.go.id/v.5.1/pelaporan/81497/empty,Tirto Agung,Sidoharjo,23600000,2048
581,2049,https://mpo.psp.pertanian.go.id/v.5.1/pelaporan/81498/empty,Banyumas Milir,Sidoharjo,12390000,2049
582,2050,https://mpo.psp.pertanian.go.id/v.5.1/pelaporan/81499/empty,Sukamaju,Sidoharjo,17995000,2050
583,2051,https://mpo.psp.pertanian.go.id/v.5.1/pelaporan/81500/empty,Purworejo,Sidoharjo,16520000,2051
584,2052,https://mpo.psp.pertanian.go.id/v.5.1/pelaporan/81501/empty,Sidomakmur,Sidoharjo,16815000,2052
585,2053,https://mpo.psp.pertanian.go.id/v.5.1/pelaporan/81502/empty,Geminastiti,Sidoharjo,15635000,2053
586,2054,https://mpo.psp.pertanian.go.id/v.5.1/pelaporan/81503/empty,Cinta Harapan,Sidoharjo,13570000,2054
587,2055,https://mpo.psp.pertanian.go.id/v.5.1/pelaporan/81504/empty,Harapan Cinta,Sidoharjo,7375000,2055
588,2056,https://mpo.psp.pertanian.go.id/v.5.1/pelaporan/81506/empty,Harapan Baru,Sidoharjo,16815000,2056
589,2057,https://mpo.psp.pertanian.go.id/v.5.1/pelaporan/81507/empty,Tiga Saudara,Sidoharjo,15045000,2057
590,2058,https://mpo.psp.pertanian.go.id/v.5.1/pelaporan/81508/empty,Usaha Sri Rejeki,Sidoharjo,5605000,2058
591,2059,https://mpo.psp.pertanian.go.id/v.5.1/pelaporan/81509/empty,Usaha Sri Makmur,Sidoharjo,12685000,2059
592,2060,https://mpo.psp.pertanian.go.id/v.5.1/pelaporan/81510/empty,Harapan Mukti,Sidoharjo,6490000,2060
593,2061,https://mpo.psp.pertanian.go.id/v.5.1/pelaporan/81512/empty,Sinar Tani,Sidoharjo,23305000,2061
594,2062,https://mpo.psp.pertanian.go.id/v.5.1/pelaporan/81513/empty,Jaya Bersama,Sidoharjo,16815000,2062
595,2063,https://mpo.psp.pertanian.go.id/v.5.1/pelaporan/81514/empty,Jadi Mekar,Sidoharjo,14455000,2063
596,2064,https://mpo.psp.pertanian.go.id/v.5.1/pelaporan/81516/empty,Marga Rahayu,Sidoharjo,12390000,2064
597,2065,https://mpo.psp.pertanian.go.id/v.5.1/pelaporan/81517/empty,Sumber Rejeki,Bintaran,16815000,2065
598,2066,https://mpo.psp.pertanian.go.id/v.5.1/pelaporan/81518/empty,Tani Maju,Bintaran,17110000,2066
599,2067,https://mpo.psp.pertanian.go.id/v.5.1/pelaporan/81520/empty,Sugih Waras,Bintaran,16225000,2067
600,2068,https://mpo.psp.pertanian.go.id/v.5.1/pelaporan/81521/empty,Agung Bakti,Bintaran,16225000,2068
601,2069,https://mpo.psp.pertanian.go.id/v.5.1/pelaporan/81522/empty,Margo Mulyo,Bintaran,14160000,2069
602,2070,https://mpo.psp.pertanian.go.id/v.5.1/pelaporan/81524/empty,Sugi Raharjo,Bintaran,16520000,2070
603,2071,https://mpo.psp.pertanian.go.id/v.5.1/pelaporan/81525/empty,Mukti Jaya,Bintaran,14750000,2071
604,2072,https://mpo.psp.pertanian.go.id/v.5.1/pelaporan/81526/empty,Harapan Jaya,Bintaran,15340000,2072
605,2073,https://mpo.psp.pertanian.go.id/v.5.1/pelaporan/81528/empty,Tani Jaya,Bintaran,17700000,2073
606,2074,https://mpo.psp.pertanian.go.id/v.5.1/pelaporan/81529/empty,Jaya Bersama,Bintaran,18142500,2074
607,2075,https://mpo.psp.pertanian.go.id/v.5.1/pelaporan/81530/empty,Bersatu Maju A,Bintaran,13422500,2075
608,2076,https://mpo.psp.pertanian.go.id/v.5.1/pelaporan/81531/empty,Sri Makmur,Bintaran,13865000,2076
609,2077,https://mpo.psp.pertanian.go.id/v.5.1/pelaporan/81533/empty,Bersatu Maju B,Bintaran,14160000,2077
610,2078,https://mpo.psp.pertanian.go.id/v.5.1/pelaporan/81534/empty,Karya Makmur,Bintaran,17700000,2078
611,2079,https://mpo.psp.pertanian.go.id/v.5.1/pelaporan/81535/empty,Lumbung Agung B,Bintaran,12390000,2079
612,2080,https://mpo.psp.pertanian.go.id/v.5.1/pelaporan/81536/empty,Karya Usaha,Bintaran,17700000,2080
613,2081,https://mpo.psp.pertanian.go.id/v.5.1/pelaporan/81537/empty,Usaha Bersama,Bintaran,20650000,2081
614,2082,https://mpo.psp.pertanian.go.id/v.5.1/pelaporan/81538/empty,Usaha Tani,Bintaran,20650000,2082
615,2083,https://mpo.psp.pertanian.go.id/v.5.1/pelaporan/81540/empty,Sumber Agung,Saleh Agung,18585000,2083
616,2084,https://mpo.psp.pertanian.go.id/v.5.1/pelaporan/81541/empty,Sido Makmur,Saleh Agung,14160000,2084
617,2085,https://mpo.psp.pertanian.go.id/v.5.1/pelaporan/81543/empty,Sido Dadi,Saleh Agung,17405000,2085
618,2086,https://mpo.psp.pertanian.go.id/v.5.1/pelaporan/81544/empty,Karya Mulya,Saleh Agung,19175000,2086
619,2087,https://mpo.psp.pertanian.go.id/v.5.1/pelaporan/81545/empty,Subur Makmur,Saleh Agung,17700000,2087
620,2088,https://mpo.psp.pertanian.go.id/v.5.1/pelaporan/81546/empty,Tani Jaya,Saleh Agung,17110000,2088
621,2089,https://mpo.psp.pertanian.go.id/v.5.1/pelaporan/81547/empty,Panca Mulya,Saleh Agung,17995000,2089
622,2090,https://mpo.psp.pertanian.go.id/v.5.1/pelaporan/81548/empty,Karya Indah,Saleh Agung,15635000,2090
623,2091,https://mpo.psp.pertanian.go.id/v.5.1/pelaporan/81549/empty,Sumber Rahayu,Saleh Agung,15635000,2091
624,2092,https://mpo.psp.pertanian.go.id/v.5.1/pelaporan/81551/empty,Karya Bakti,Saleh Agung,26550000,2092
625,2093,https://mpo.psp.pertanian.go.id/v.5.1/pelaporan/81552/empty,Sido Mukti A,Enggal Rejo,10325000,2093
626,2094,https://mpo.psp.pertanian.go.id/v.5.1/pelaporan/81554/empty,Sido Mukti B,Enggal Rejo,10325000,2094
627,2095,https://mpo.psp.pertanian.go.id/v.5.1/pelaporan/81555/empty,Sido Mulyo A,Enggal Rejo,8555000,2095
628,2096,https://mpo.psp.pertanian.go.id/v.5.1/pelaporan/81556/empty,Sido Subur A,Enggal Rejo,8260000,2096
629,2097,https://mpo.psp.pertanian.go.id/v.5.1/pelaporan/81558/empty,Sido Subur B,Enggal Rejo,11800000,2097
630,2098,https://mpo.psp.pertanian.go.id/v.5.1/pelaporan/81559/empty,Sido Makmur A,Enggal Rejo,11210000,2098
631,2099,https://mpo.psp.pertanian.go.id/v.5.1/pelaporan/81560/empty,Sido Makmur B,Enggal Rejo,10915000,2099
632,2100,https://mpo.psp.pertanian.go.id/v.5.1/pelaporan/81561/empty,Sido Luhur A,Enggal Rejo,12095000,2100
633,2101,https://mpo.psp.pertanian.go.id/v.5.1/pelaporan/81562/empty,Sido Luhur B,Enggal Rejo,11505000,2101
634,2102,https://mpo.psp.pertanian.go.id/v.5.1/pelaporan/81563/empty,Suko Maju A,Enggal Rejo,11800000,2102
635,2103,https://mpo.psp.pertanian.go.id/v.5.1/pelaporan/81564/empty,Suko Maju B,Enggal Rejo,11800000,2103
636,2104,https://mpo.psp.pertanian.go.id/v.5.1/pelaporan/81565/empty,Batur Selembur A,Enggal Rejo,14750000,2104
637,2105,https://mpo.psp.pertanian.go.id/v.5.1/pelaporan/81569/empty,Batur Selembur B,Enggal Rejo,12980000,2105
638,2106,https://mpo.psp.pertanian.go.id/v.5.1/pelaporan/81570/empty,Sumber Usaha B,Enggal Rejo,8850000,2106
639,2107,https://mpo.psp.pertanian.go.id/v.5.1/pelaporan/81572/empty,Suka Maju,Saleh Mukti,14455000,2107
640,2108,https://mpo.psp.pertanian.go.id/v.5.1/pelaporan/81573/empty,Suka Makmur A,Saleh Mukti,7670000,2108
641,2109,https://mpo.psp.pertanian.go.id/v.5.1/pelaporan/81574/empty,Suka Makmur B,Saleh Mukti,8850000,2109
642,2110,https://mpo.psp.pertanian.go.id/v.5.1/pelaporan/81575/empty,Sumber Jaya,Saleh Mukti,16520000,2110
643,2111,https://mpo.psp.pertanian.go.id/v.5.1/pelaporan/81576/empty,Srijaya A,Saleh Mukti,13570000,2111
644,2112,https://mpo.psp.pertanian.go.id/v.5.1/pelaporan/81577/empty,Harapan Jaya B,Saleh Mukti,7375000,2112
645,2113,https://mpo.psp.pertanian.go.id/v.5.1/pelaporan/81578/empty,Tani Mukti B,Saleh Mukti,7080000,2113
646,2114,https://mpo.psp.pertanian.go.id/v.5.1/pelaporan/81579/empty,Margo Mulya,Saleh Mukti,17700000,2114
647,2115,https://mpo.psp.pertanian.go.id/v.5.1/pelaporan/81580/empty,Tani Luhur,Saleh Mukti,14160000,2115
648,2116,https://mpo.psp.pertanian.go.id/v.5.1/pelaporan/81581/empty,Sendang Rejeki A,Saleh Mukti,8850000,2116
649,2117,https://mpo.psp.pertanian.go.id/v.5.1/pelaporan/81582/empty,Sendang Rejeki B,Saleh Mukti,10030000,2117
650,2118,https://mpo.psp.pertanian.go.id/v.5.1/pelaporan/81583/empty,Tani Mulyo,Saleh Mukti,13865000,2118
651,2119,https://mpo.psp.pertanian.go.id/v.5.1/pelaporan/81584/empty,Sido Dadi,Saleh Mukti,8555000,2119
652,2120,https://mpo.psp.pertanian.go.id/v.5.1/pelaporan/81585/empty,Tani Mukti A,Saleh Mukti,9440000,2120
653,2121,https://mpo.psp.pertanian.go.id/v.5.1/pelaporan/81586/empty,Tani Makmur,Saleh Mukti,13275000,2121
654,2122,https://mpo.psp.pertanian.go.id/v.5.1/pelaporan/81587/empty,Harapan Jaya,Saleh Mukti,7375000,2122
655,2123,https://mpo.psp.pertanian.go.id/v.5.1/pelaporan/81588/empty,Sri Jaya B,Saleh Mukti,7670000,2123
656,2124,https://mpo.psp.pertanian.go.id/v.5.1/pelaporan/81589/empty,Sri Rejeki B,Saleh Mukti,8555000,2124
657,2125,https://mpo.psp.pertanian.go.id/v.5.1/pelaporan/81590/empty,Ngudi Makmur,Saleh Jaya,14750000,2125
658,2126,https://mpo.psp.pertanian.go.id/v.5.1/pelaporan/81591/empty,Tani Mulya,Saleh Jaya,14750000,2126
659,2127,https://mpo.psp.pertanian.go.id/v.5.1/pelaporan/81592/empty,Karya Daya Guna A,Saleh Makmur,9145000,2127
660,2128,https://mpo.psp.pertanian.go.id/v.5.1/pelaporan/81593/empty,Karya Daya Guna B,Saleh Makmur,6195000,2128
661,2129,https://mpo.psp.pertanian.go.id/v.5.1/pelaporan/81595/empty,Karya Tani A,Saleh Makmur,6490000,2129
662,2130,https://mpo.psp.pertanian.go.id/v.5.1/pelaporan/81596/empty,Karya Tani B,Saleh Makmur,5162500,2130
663,2131,https://mpo.psp.pertanian.go.id/v.5.1/pelaporan/81597/empty,Krida Tani A,Saleh Makmur,7965000,2131
664,2132,https://mpo.psp.pertanian.go.id/v.5.1/pelaporan/81598/empty,Krida Tani B,Saleh Makmur,5900000,2132
665,2133,https://mpo.psp.pertanian.go.id/v.5.1/pelaporan/81599/empty,Usaha Baru A,Saleh Makmur,5310000,2133
666,2134,https://mpo.psp.pertanian.go.id/v.5.1/pelaporan/81601/empty,Usaha Baru B,Saleh Makmur,6195000,2134
667,2135,https://mpo.psp.pertanian.go.id/v.5.1/pelaporan/81602/empty,Usaha Tani B,Saleh Makmur,7670000,2135
668,2136,https://mpo.psp.pertanian.go.id/v.5.1/pelaporan/81604/empty,Taruna Tani A,Saleh Makmur,8260000,2136
669,2137,https://mpo.psp.pertanian.go.id/v.5.1/pelaporan/81605/empty,Taruna Tani B,Saleh Makmur,5605000,2137
670,2138,https://mpo.psp.pertanian.go.id/v.5.1/pelaporan/81607/empty,Mekar Sari A,Saleh Makmur,6932500,2138
671,2139,https://mpo.psp.pertanian.go.id/v.5.1/pelaporan/81608/empty,Mekar Sari B,Saleh Makmur,14012500,2139
672,2140,https://mpo.psp.pertanian.go.id/v.5.1/pelaporan/81610/empty,Tunas Muda A,Saleh Makmur,12685000,2140
673,2141,https://mpo.psp.pertanian.go.id/v.5.1/pelaporan/81611/empty,Tunas Muda B,Saleh Makmur,9145000,2141
674,2142,https://mpo.psp.pertanian.go.id/v.5.1/pelaporan/81612/empty,Karya Bakti,Sri Mulyo,15340000,2142
675,2143,https://mpo.psp.pertanian.go.id/v.5.1/pelaporan/81614/empty,Karya Makmur,Sri Mulyo,14455000,2143
676,2144,https://mpo.psp.pertanian.go.id/v.5.1/pelaporan/81615/empty,Karya Tani,Sri Mulyo,17110000,2144
677,2145,https://mpo.psp.pertanian.go.id/v.5.1/pelaporan/81616/empty,Margo Mulyo,Sri Mulyo,7080000,2145
678,2146,https://mpo.psp.pertanian.go.id/v.5.1/pelaporan/81618/empty,Margo Tani A,Sri Mulyo,7670000,2146
679,2147,https://mpo.psp.pertanian.go.id/v.5.1/pelaporan/81619/empty,Margo Tani B,Sri Mulyo,10620000,2147
680,2148,https://mpo.psp.pertanian.go.id/v.5.1/pelaporan/81620/empty,Mukti Tama,Sri Mulyo,14160000,2148
681,2149,https://mpo.psp.pertanian.go.id/v.5.1/pelaporan/81621/empty,Sumber Makmur,Sri Mulyo,17110000,2149
682,2150,https://mpo.psp.pertanian.go.id/v.5.1/pelaporan/81622/empty,Sumber Rejeki,Sri Mulyo,5900000,2150
683,2151,https://mpo.psp.pertanian.go.id/v.5.1/pelaporan/81623/empty,Tani Maju,Sri Mulyo,5015000,2151
684,2152,https://mpo.psp.pertanian.go.id/v.5.1/pelaporan/81624/empty,Tani Mulyo,Sri Mulyo,9735000,2152
685,2153,https://mpo.psp.pertanian.go.id/v.5.1/pelaporan/81625/empty,Tani Rukun,Sri Mulyo,5900000,2153
686,2154,https://mpo.psp.pertanian.go.id/v.5.1/pelaporan/81626/empty,Usaha Tani,Sri Mulyo,17700000,2154
687,2155,https://mpo.psp.pertanian.go.id/v.5.1/pelaporan/81628/empty,Sri Rejeki,Srikaton,10030000,2155
688,3809,https://mpo.psp.pertanian.go.id/v.5.1/pelaporan/81629/empty,Amor,Srikaton,7375000,3809
689,3810,https://mpo.psp.pertanian.go.id/v.5.1/pelaporan/81630/empty,Handayani,Srikaton,10030000,3810
690,3811,https://mpo.psp.pertanian.go.id/v.5.1/pelaporan/81632/empty,Harapan Mukri,Srikaton,14160000,3811
691,3812,https://mpo.psp.pertanian.go.id/v.5.1/pelaporan/81634/empty,Muda Mandiri,Srikaton,2950000,3812
692,3813,https://mpo.psp.pertanian.go.id/v.5.1/pelaporan/81635/empty,Rukun Tani,Srikaton,7965000,3813
693,3814,https://mpo.psp.pertanian.go.id/v.5.1/pelaporan/81636/empty,Setia Kawan,Srikaton,10030000,3814
694,3815,https://mpo.psp.pertanian.go.id/v.5.1/pelaporan/81638/empty,Sido Dadi,Srikaton,9735000,3815
695,3816,https://mpo.psp.pertanian.go.id/v.5.1/pelaporan/81639/empty,Sido Mulyo,Srikaton,9292500,3816
696,3817,https://mpo.psp.pertanian.go.id/v.5.1/pelaporan/81640/empty,Sri Murni,Srikaton,8260000,3817
697,3818,https://mpo.psp.pertanian.go.id/v.5.1/pelaporan/81642/empty,Tani Sejahtera,Srikaton,4425000,3818
698,3819,https://mpo.psp.pertanian.go.id/v.5.1/pelaporan/81643/empty,Urip Utomo,Srikaton,9440000,3819
699,3820,https://mpo.psp.pertanian.go.id/v.5.1/pelaporan/81645/empty,Rukun Tani,Ujung Tanjung,59000000,3820
