no,no,situs,poktan,desa,bast,file,ongkir
2,355/BAM-P/PSP/SJ-TANA TORAJA/26/IX/2023,https://mpo.psp.pertanian.go.id/v.5.1/pelaporan/79239/empty,Minanga,Belau,2950000,355.pdf,360000
3,356/BAM-P/PSP/SJ-TANA TORAJA/26/IX/2023,https://mpo.psp.pertanian.go.id/v.5.1/pelaporan/79240/empty,Suka Maju Itap,Belau Utara,2065000,356.pdf,252000
4,357/BAM-P/PSP/SJ-TANA TORAJA/26/IX/2023,https://mpo.psp.pertanian.go.id/v.5.1/pelaporan/79241/empty,Lemo,Belau Utara,3835000,357.pdf,468000
5,358/BAM-P/PSP/SJ-TANA TORAJA/26/IX/2023,https://mpo.psp.pertanian.go.id/v.5.1/pelaporan/79242/empty,Laun,Belau Utara,2950000,358.pdf,360000
6,359/BAM-P/PSP/SJ-TANA TORAJA/26/IX/2023,https://mpo.psp.pertanian.go.id/v.5.1/pelaporan/79243/empty,Barana Mamali,Belau Utara,3540000,359.pdf,432000
7,360/BAM-P/PSP/SJ-TANA TORAJA/26/IX/2023,https://mpo.psp.pertanian.go.id/v.5.1/pelaporan/79244/empty,Kalaka,Kadundung,3540000,360.pdf,432000
8,361/BAM-P/PSP/SJ-TANA TORAJA/26/IX/2023,https://mpo.psp.pertanian.go.id/v.5.1/pelaporan/79245/empty,Panura Tappan,Kadundung,3540000,361.pdf,432000
9,362/BAM-P/PSP/SJ-TANA TORAJA/26/IX/2023,https://mpo.psp.pertanian.go.id/v.5.1/pelaporan/79246/empty,Bombong,Paku,2360000,362.pdf,288000
10,363/BAM-P/PSP/SJ-TANA TORAJA/26/IX/2023,https://mpo.psp.pertanian.go.id/v.5.1/pelaporan/79247/empty,Sangkutu Banne,Paku,2360000,363.pdf,288000
11,364/BAM-P/PSP/SJ-TANA TORAJA/26/IX/2023,https://mpo.psp.pertanian.go.id/v.5.1/pelaporan/79248/empty,Sipanunduk Gotta,Paliorong,1475000,364.pdf,180000
12,365/BAM-P/PSP/SJ-TANA TORAJA/26/IX/2023,https://mpo.psp.pertanian.go.id/v.5.1/pelaporan/79249/empty,Buttu Borong,Pondingao',2950000,365.pdf,360000
13,366/BAM-P/PSP/SJ-TANA TORAJA/26/IX/2023,https://mpo.psp.pertanian.go.id/v.5.1/pelaporan/79250/empty,Rura Sikamase,Pondingao',2360000,366.pdf,288000
14,367/BAM-P/PSP/SJ-TANA TORAJA/26/IX/2023,https://mpo.psp.pertanian.go.id/v.5.1/pelaporan/79251/empty,Sangkutu Banne,Pondingao',2360000,367.pdf,288000
15,368/BAM-P/PSP/SJ-TANA TORAJA/26/IX/2023,https://mpo.psp.pertanian.go.id/v.5.1/pelaporan/79252/empty,Madandan,Ratte,2950000,368.pdf,360000
16,369/BAM-P/PSP/SJ-TANA TORAJA/26/IX/2023,https://mpo.psp.pertanian.go.id/v.5.1/pelaporan/79253/empty,Palli,Ratte,3835000,369.pdf,468000
17,370/BAM-P/PSP/SJ-TANA TORAJA/26/IX/2023,https://mpo.psp.pertanian.go.id/v.5.1/pelaporan/79254/empty,Salu Rea Bayo,Sesesalu,2950000,370.pdf,360000
18,371/BAM-P/PSP/SJ-TANA TORAJA/26/IX/2023,https://mpo.psp.pertanian.go.id/v.5.1/pelaporan/79255/empty,Batupapan,Sesesalu,3540000,371.pdf,432000
19,372/BAM-P/PSP/SJ-TANA TORAJA/26/IX/2023,https://mpo.psp.pertanian.go.id/v.5.1/pelaporan/79256/empty,Kandua Bersatu,Kandua',4425000,372.pdf,540000
20,373/BAM-P/PSP/SJ-TANA TORAJA/26/IX/2023,https://mpo.psp.pertanian.go.id/v.5.1/pelaporan/79257/empty,Kandua Bangkit,Kandua',2950000,373.pdf,360000
21,374/BAM-P/PSP/SJ-TANA TORAJA/26/IX/2023,https://mpo.psp.pertanian.go.id/v.5.1/pelaporan/79258/empty,Pemuda Kanan,Kandua',1475000,374.pdf,180000
22,375/BAM-P/PSP/SJ-TANA TORAJA/26/IX/2023,https://mpo.psp.pertanian.go.id/v.5.1/pelaporan/79259/empty,Sangtiangkaran,Kandua',2950000,375.pdf,360000
23,376/BAM-P/PSP/SJ-TANA TORAJA/26/IX/2023,https://mpo.psp.pertanian.go.id/v.5.1/pelaporan/79260/empty,Sangmairisan,Kandua',1475000,376.pdf,180000
24,377/BAM-P/PSP/SJ-TANA TORAJA/26/IX/2023,https://mpo.psp.pertanian.go.id/v.5.1/pelaporan/79261/empty,Siendekan,Balla,2950000,377.pdf,360000
25,378/BAM-P/PSP/SJ-TANA TORAJA/26/IX/2023,https://mpo.psp.pertanian.go.id/v.5.1/pelaporan/79262/empty,Pada Tindo,Balla,2950000,378.pdf,360000
26,379/BAM-P/PSP/SJ-TANA TORAJA/26/IX/2023,https://mpo.psp.pertanian.go.id/v.5.1/pelaporan/79263/empty,Sangkederan,Balla,2950000,379.pdf,360000
27,380/BAM-P/PSP/SJ-TANA TORAJA/26/IX/2023,https://mpo.psp.pertanian.go.id/v.5.1/pelaporan/79264/empty,Rannuanta,Balla,2950000,380.pdf,360000
28,381/BAM-P/PSP/SJ-TANA TORAJA/26/IX/2023,https://mpo.psp.pertanian.go.id/v.5.1/pelaporan/79265/empty,Ratte Kole,Tiroan,2950000,381.pdf,360000
29,382/BAM-P/PSP/SJ-TANA TORAJA/26/IX/2023,https://mpo.psp.pertanian.go.id/v.5.1/pelaporan/79266/empty,Kalimbuang,Tiroan,1475000,382.pdf,180000
30,383/BAM-P/PSP/SJ-TANA TORAJA/26/IX/2023,https://mpo.psp.pertanian.go.id/v.5.1/pelaporan/79267/empty,Saruran Batu Jaya,Tiroan,1475000,383.pdf,180000
31,384/BAM-P/PSP/SJ-TANA TORAJA/26/IX/2023,https://mpo.psp.pertanian.go.id/v.5.1/pelaporan/79268/empty,Tombang Lokka,Le'tek,1475000,384.pdf,180000
32,385/BAM-P/PSP/SJ-TANA TORAJA/26/IX/2023,https://mpo.psp.pertanian.go.id/v.5.1/pelaporan/79269/empty,Tandung Bertani,Le'tek,1475000,385.pdf,180000
33,386/BAM-P/PSP/SJ-TANA TORAJA/26/IX/2023,https://mpo.psp.pertanian.go.id/v.5.1/pelaporan/79270/empty,Saro Mase,Le'tek,2950000,386.pdf,360000
34,387/BAM-P/PSP/SJ-TANA TORAJA/26/IX/2023,https://mpo.psp.pertanian.go.id/v.5.1/pelaporan/79271/empty,Sangulele,Kole Palian,1475000,387.pdf,180000
35,388/BAM-P/PSP/SJ-TANA TORAJA/26/IX/2023,https://mpo.psp.pertanian.go.id/v.5.1/pelaporan/79272/empty,Sikamale,Kole Palian,1475000,388.pdf,180000
36,389/BAM-P/PSP/SJ-TANA TORAJA/26/IX/2023,https://mpo.psp.pertanian.go.id/v.5.1/pelaporan/79273/empty,Tambolag,Buttu Limbong,1475000,389.pdf,180000
37,390/BAM-P/PSP/SJ-TANA TORAJA/26/IX/2023,https://mpo.psp.pertanian.go.id/v.5.1/pelaporan/79274/empty,Kombo,Buttu Limbong,1475000,390.pdf,180000
38,391/BAM-P/PSP/SJ-TANA TORAJA/26/IX/2023,https://mpo.psp.pertanian.go.id/v.5.1/pelaporan/79275/empty,Limbong,Buttu Limbong,2950000,391.pdf,360000
39,392/BAM-P/PSP/SJ-TANA TORAJA/26/IX/2023,https://mpo.psp.pertanian.go.id/v.5.1/pelaporan/79276/empty,Koa,Buttu Limbong,2950000,392.pdf,360000
40,393/BAM-P/PSP/SJ-TANA TORAJA/26/IX/2023,https://mpo.psp.pertanian.go.id/v.5.1/pelaporan/79277/empty,Kampung Baru,Buttu Limbong,2950000,393.pdf,360000
41,394/BAM-P/PSP/SJ-TANA TORAJA/26/IX/2023,https://mpo.psp.pertanian.go.id/v.5.1/pelaporan/79278/empty,Limbong Barani,Buttu Limbong,2950000,394.pdf,360000
42,395/BAM-P/PSP/SJ-TANA TORAJA/26/IX/2023,https://mpo.psp.pertanian.go.id/v.5.1/pelaporan/79279/empty,Sikamali Pulio,Kandua',1475000,395.pdf,180000
43,396/BAM-P/PSP/SJ-TANA TORAJA/26/IX/2023,https://mpo.psp.pertanian.go.id/v.5.1/pelaporan/79280/empty,Ratte Dama,Kandua',1475000,396.pdf,180000
44,397/BAM-P/PSP/SJ-TANA TORAJA/26/IX/2023,https://mpo.psp.pertanian.go.id/v.5.1/pelaporan/79281/empty,Subur Jaya Dama,Kandua',1475000,397.pdf,180000
45,398/BAM-P/PSP/SJ-TANA TORAJA/26/IX/2023,https://mpo.psp.pertanian.go.id/v.5.1/pelaporan/79282/empty,Pa Kondo,Kandua',1475000,398.pdf,180000
46,399/BAM-P/PSP/SJ-TANA TORAJA/26/IX/2023,https://mpo.psp.pertanian.go.id/v.5.1/pelaporan/79283/empty,Saro Mase,Kandua',1475000,399.pdf,180000
47,400/BAM-P/PSP/SJ-TANA TORAJA/26/IX/2023,https://mpo.psp.pertanian.go.id/v.5.1/pelaporan/79284/empty,Mekar Danglu,Rante Kalua',2950000,400.pdf,360000
48,401/BAM-P/PSP/SJ-TANA TORAJA/26/IX/2023,https://mpo.psp.pertanian.go.id/v.5.1/pelaporan/79285/empty,Tondok Bangla,Rante Kalua',2950000,401.pdf,360000
49,402/BAM-P/PSP/SJ-TANA TORAJA/26/IX/2023,https://mpo.psp.pertanian.go.id/v.5.1/pelaporan/79286/empty,Ponian Jaya,Pa'tengko,5900000,402.pdf,720000
50,403/BAM-P/PSP/SJ-TANA TORAJA/26/IX/2023,https://mpo.psp.pertanian.go.id/v.5.1/pelaporan/79287/empty,Batu Menganga,Pa'tengko,5900000,403.pdf,720000
51,404/BAM-P/PSP/SJ-TANA TORAJA/26/IX/2023,https://mpo.psp.pertanian.go.id/v.5.1/pelaporan/79288/empty,Rante Dollok,Rante dada,14750000,404.pdf,1800000
52,405/BAM-P/PSP/SJ-TANA TORAJA/26/IX/2023,https://mpo.psp.pertanian.go.id/v.5.1/pelaporan/79289/empty,Manda Sirampun,Rante dada,4425000,405.pdf,540000
53,406/BAM-P/PSP/SJ-TANA TORAJA/26/IX/2023,https://mpo.psp.pertanian.go.id/v.5.1/pelaporan/79290/empty,Sangkederan,Tampo,7375000,406.pdf,900000
54,407/BAM-P/PSP/SJ-TANA TORAJA/26/IX/2023,https://mpo.psp.pertanian.go.id/v.5.1/pelaporan/79291/empty,Antam,Tampo,5900000,407.pdf,720000
55,408/BAM-P/PSP/SJ-TANA TORAJA/26/IX/2023,https://mpo.psp.pertanian.go.id/v.5.1/pelaporan/79292/empty,Rante Kesu',Tampo,7375000,408.pdf,900000
56,409/BAM-P/PSP/SJ-TANA TORAJA/26/IX/2023,https://mpo.psp.pertanian.go.id/v.5.1/pelaporan/79293/empty,Tanduk Bulan,Tampo,5900000,409.pdf,720000
57,410/BAM-P/PSP/SJ-TANA TORAJA/26/IX/2023,https://mpo.psp.pertanian.go.id/v.5.1/pelaporan/79294/empty,PGM Sipalamban,Simbuang,4425000,410.pdf,540000
58,411/BAM-P/PSP/SJ-TANA TORAJA/26/IX/2023,https://mpo.psp.pertanian.go.id/v.5.1/pelaporan/79295/empty,Siangkaran,Simbuang,5900000,411.pdf,720000
59,412/BAM-P/PSP/SJ-TANA TORAJA/26/IX/2023,https://mpo.psp.pertanian.go.id/v.5.1/pelaporan/79296/empty,Sipatuo Bangkailan,Simbuang,5900000,412.pdf,720000
60,413/BAM-P/PSP/SJ-TANA TORAJA/26/IX/2023,https://mpo.psp.pertanian.go.id/v.5.1/pelaporan/79297/empty,Madoke Siangkaran,Simbuang,5900000,413.pdf,720000
61,414/BAM-P/PSP/SJ-TANA TORAJA/26/IX/2023,https://mpo.psp.pertanian.go.id/v.5.1/pelaporan/79298/empty,Kalian Bersama,Simbuang,5900000,414.pdf,720000
62,415/BAM-P/PSP/SJ-TANA TORAJA/26/IX/2023,https://mpo.psp.pertanian.go.id/v.5.1/pelaporan/79299/empty,Sedanan,Simbuang,5900000,415.pdf,720000
63,416/BAM-P/PSP/SJ-TANA TORAJA/26/IX/2023,https://mpo.psp.pertanian.go.id/v.5.1/pelaporan/79300/empty,Padang Leme,Randanan,5900000,416.pdf,720000
64,417/BAM-P/PSP/SJ-TANA TORAJA/26/IX/2023,https://mpo.psp.pertanian.go.id/v.5.1/pelaporan/79301/empty,Malillin,Randanan,7375000,417.pdf,900000
65,418/BAM-P/PSP/SJ-TANA TORAJA/26/IX/2023,https://mpo.psp.pertanian.go.id/v.5.1/pelaporan/79302/empty,Imanuel Pakambuan,Tengan,5900000,418.pdf,720000
66,419/BAM-P/PSP/SJ-TANA TORAJA/26/IX/2023,https://mpo.psp.pertanian.go.id/v.5.1/pelaporan/79303/empty,Panada,Tengan,5900000,419.pdf,720000
67,420/BAM-P/PSP/SJ-TANA TORAJA/26/IX/2023,https://mpo.psp.pertanian.go.id/v.5.1/pelaporan/79304/empty,Gema Tani,Marinding,2950000,420.pdf,360000
68,421/BAM-P/PSP/SJ-TANA TORAJA/26/IX/2023,https://mpo.psp.pertanian.go.id/v.5.1/pelaporan/79305/empty,Pararra,Marinding,4425000,421.pdf,540000
69,422/BAM-P/PSP/SJ-TANA TORAJA/26/IX/2023,https://mpo.psp.pertanian.go.id/v.5.1/pelaporan/79306/empty,Berkat Sangkutu,Marinding,4425000,422.pdf,540000
70,423/BAM-P/PSP/SJ-TANA TORAJA/26/IX/2023,https://mpo.psp.pertanian.go.id/v.5.1/pelaporan/79307/empty,Tondon Siporannu,Marinding,5900000,423.pdf,720000
71,424/BAM-P/PSP/SJ-TANA TORAJA/26/IX/2023,https://mpo.psp.pertanian.go.id/v.5.1/pelaporan/79308/empty,Maruang,Palipu,11800000,424.pdf,1440000
72,425/BAM-P/PSP/SJ-TANA TORAJA/26/IX/2023,https://mpo.psp.pertanian.go.id/v.5.1/pelaporan/79309/empty,Rarukan Utara,Lemo,7375000,425.pdf,900000
73,426/BAM-P/PSP/SJ-TANA TORAJA/26/IX/2023,https://mpo.psp.pertanian.go.id/v.5.1/pelaporan/79310/empty,Moso II,Lemo,7375000,426.pdf,900000
74,427/BAM-P/PSP/SJ-TANA TORAJA/26/IX/2023,https://mpo.psp.pertanian.go.id/v.5.1/pelaporan/79311/empty,Karrang Situru,Buntu Tangti,4425000,427.pdf,540000
75,428/BAM-P/PSP/SJ-TANA TORAJA/26/IX/2023,https://mpo.psp.pertanian.go.id/v.5.1/pelaporan/79312/empty,Minanga Timur,Buntu Tangti,4425000,428.pdf,540000
76,429/BAM-P/PSP/SJ-TANA TORAJA/26/IX/2023,https://mpo.psp.pertanian.go.id/v.5.1/pelaporan/79313/empty,Batunna Boyo,Ke'pe Tinoring,4425000,429.pdf,540000
77,430/BAM-P/PSP/SJ-TANA TORAJA/26/IX/2023,https://mpo.psp.pertanian.go.id/v.5.1/pelaporan/79314/empty,Misa Kada,Ke'pe Tinoring,7375000,430.pdf,900000
78,431/BAM-P/PSP/SJ-TANA TORAJA/26/IX/2023,https://mpo.psp.pertanian.go.id/v.5.1/pelaporan/79315/empty,Siangkaran,Ke'pe Tinoring,4425000,431.pdf,540000
79,432/BAM-P/PSP/SJ-TANA TORAJA/26/IX/2023,https://mpo.psp.pertanian.go.id/v.5.1/pelaporan/79316/empty,Bamba,Pantan,2065000,432.pdf,252000
80,433/BAM-P/PSP/SJ-TANA TORAJA/26/IX/2023,https://mpo.psp.pertanian.go.id/v.5.1/pelaporan/79317/empty,Kosan,Lapandan,2950000,433.pdf,360000
81,434/BAM-P/PSP/SJ-TANA TORAJA/26/IX/2023,https://mpo.psp.pertanian.go.id/v.5.1/pelaporan/79318/empty,Salu Tallu,Lapandan,2950000,434.pdf,360000
82,435/BAM-P/PSP/SJ-TANA TORAJA/26/IX/2023,https://mpo.psp.pertanian.go.id/v.5.1/pelaporan/79319/empty,Salu Sitammu,Lapandan,4425000,435.pdf,540000
83,436/BAM-P/PSP/SJ-TANA TORAJA/26/IX/2023,https://mpo.psp.pertanian.go.id/v.5.1/pelaporan/79320/empty,Tiropadang,Lapandan,2950000,436.pdf,360000
84,437/BAM-P/PSP/SJ-TANA TORAJA/26/IX/2023,https://mpo.psp.pertanian.go.id/v.5.1/pelaporan/79321/empty,Tanete Lestari,Lapandan,2950000,437.pdf,360000
85,438/BAM-P/PSP/SJ-TANA TORAJA/26/IX/2023,https://mpo.psp.pertanian.go.id/v.5.1/pelaporan/79322/empty,Kamali,Kamali Pentalluan,2950000,438.pdf,360000
86,439/BAM-P/PSP/SJ-TANA TORAJA/26/IX/2023,https://mpo.psp.pertanian.go.id/v.5.1/pelaporan/79323/empty,Milan,Kamali Pentalluan,2950000,439.pdf,360000
87,440/BAM-P/PSP/SJ-TANA TORAJA/26/IX/2023,https://mpo.psp.pertanian.go.id/v.5.1/pelaporan/79324/empty,Maju Bersama,Kamali Pentalluan,1475000,440.pdf,180000
88,441/BAM-P/PSP/SJ-TANA TORAJA/26/IX/2023,https://mpo.psp.pertanian.go.id/v.5.1/pelaporan/79325/empty,To'Ao,Kamali Pentalluan,1475000,441.pdf,180000
89,442/BAM-P/PSP/SJ-TANA TORAJA/26/IX/2023,https://mpo.psp.pertanian.go.id/v.5.1/pelaporan/79326/empty,Sanginaa,Tampo Makale,1475000,442.pdf,180000
90,443/BAM-P/PSP/SJ-TANA TORAJA/26/IX/2023,https://mpo.psp.pertanian.go.id/v.5.1/pelaporan/79327/empty,Bina Akrab,Tampo Makale,2950000,443.pdf,360000
91,444/BAM-P/PSP/SJ-TANA TORAJA/26/IX/2023,https://mpo.psp.pertanian.go.id/v.5.1/pelaporan/79328/empty,Usaha Agrobisnis Siguntu,Tampo Makale,1475000,444.pdf,180000
92,445/BAM-P/PSP/SJ-TANA TORAJA/26/IX/2023,https://mpo.psp.pertanian.go.id/v.5.1/pelaporan/79329/empty,Usaha Terpadu Tampo,Tampo Makale,1475000,445.pdf,180000
93,446/BAM-P/PSP/SJ-TANA TORAJA/26/IX/2023,https://mpo.psp.pertanian.go.id/v.5.1/pelaporan/79330/empty,Rante Tampo,Tampo Makale,2950000,446.pdf,360000
94,447/BAM-P/PSP/SJ-TANA TORAJA/26/IX/2023,https://mpo.psp.pertanian.go.id/v.5.1/pelaporan/79331/empty,Banne Marendeng,Tondon Mamullu,2950000,447.pdf,360000
95,448/BAM-P/PSP/SJ-TANA TORAJA/26/IX/2023,https://mpo.psp.pertanian.go.id/v.5.1/pelaporan/79332/empty,Ketapang,Tondon Mamullu,1475000,448.pdf,180000
96,449/BAM-P/PSP/SJ-TANA TORAJA/26/IX/2023,https://mpo.psp.pertanian.go.id/v.5.1/pelaporan/79333/empty,KWT Batu Bungga,Lea,1475000,449.pdf,180000
97,450/BAM-P/PSP/SJ-TANA TORAJA/26/IX/2023,https://mpo.psp.pertanian.go.id/v.5.1/pelaporan/79334/empty,KWT Birop,Lea,1475000,450.pdf,180000
98,451/BAM-P/PSP/SJ-TANA TORAJA/26/IX/2023,https://mpo.psp.pertanian.go.id/v.5.1/pelaporan/79335/empty,KWT Rante Situru,Lea,1475000,451.pdf,180000
99,452/BAM-P/PSP/SJ-TANA TORAJA/26/IX/2023,https://mpo.psp.pertanian.go.id/v.5.1/pelaporan/79336/empty,KWT Sikamali Babangan,Lea,1475000,452.pdf,180000
100,453/BAM-P/PSP/SJ-TANA TORAJA/26/IX/2023,https://mpo.psp.pertanian.go.id/v.5.1/pelaporan/79337/empty,Lea Raya,Lea,1475000,453.pdf,180000
101,454/BAM-P/PSP/SJ-TANA TORAJA/26/IX/2023,https://mpo.psp.pertanian.go.id/v.5.1/pelaporan/79338/empty,Rotani,Lea,1475000,454.pdf,180000
102,455/BAM-P/PSP/SJ-TANA TORAJA/26/IX/2023,https://mpo.psp.pertanian.go.id/v.5.1/pelaporan/79339/empty,Siangkaran,Lea,1475000,455.pdf,180000
103,456/BAM-P/PSP/SJ-TANA TORAJA/26/IX/2023,https://mpo.psp.pertanian.go.id/v.5.1/pelaporan/79340/empty,Situru Rante,Lea,1475000,456.pdf,180000
104,457/BAM-P/PSP/SJ-TANA TORAJA/26/IX/2023,https://mpo.psp.pertanian.go.id/v.5.1/pelaporan/79341/empty,Suka Maju,Lea,1475000,457.pdf,180000
105,458/BAM-P/PSP/SJ-TANA TORAJA/26/IX/2023,https://mpo.psp.pertanian.go.id/v.5.1/pelaporan/79342/empty,Taruna Tani,Lea,1475000,458.pdf,180000
106,459/BAM-P/PSP/SJ-TANA TORAJA/26/IX/2023,https://mpo.psp.pertanian.go.id/v.5.1/pelaporan/79343/empty,Kali Sosso Burake,Buntu Burake,1475000,459.pdf,180000
107,460/BAM-P/PSP/SJ-TANA TORAJA/26/IX/2023,https://mpo.psp.pertanian.go.id/v.5.1/pelaporan/79344/empty,Limbong,Buntu Burake,1475000,460.pdf,180000
108,461/BAM-P/PSP/SJ-TANA TORAJA/26/IX/2023,https://mpo.psp.pertanian.go.id/v.5.1/pelaporan/79345/empty,Rante,Buntu Burake,1475000,461.pdf,180000
109,462/BAM-P/PSP/SJ-TANA TORAJA/26/IX/2023,https://mpo.psp.pertanian.go.id/v.5.1/pelaporan/79346/empty,Sangkutu Banne,Buntu Burake,1475000,462.pdf,180000
110,463/BAM-P/PSP/SJ-TANA TORAJA/26/IX/2023,https://mpo.psp.pertanian.go.id/v.5.1/pelaporan/79347/empty,Situlak Lulangngan,Buntu Burake,1475000,463.pdf,180000
111,464/BAM-P/PSP/SJ-TANA TORAJA/26/IX/2023,https://mpo.psp.pertanian.go.id/v.5.1/pelaporan/79348/empty,Lempangan,Lamunan,2950000,464.pdf,360000
112,465/BAM-P/PSP/SJ-TANA TORAJA/26/IX/2023,https://mpo.psp.pertanian.go.id/v.5.1/pelaporan/79349/empty,Palipu,Lamunan,2950000,465.pdf,360000
113,466/BAM-P/PSP/SJ-TANA TORAJA/26/IX/2023,https://mpo.psp.pertanian.go.id/v.5.1/pelaporan/79350/empty,Palli Permai,Lamunan,2950000,466.pdf,360000
114,467/BAM-P/PSP/SJ-TANA TORAJA/26/IX/2023,https://mpo.psp.pertanian.go.id/v.5.1/pelaporan/79351/empty,Pama Sipaloloan,Lamunan,1475000,467.pdf,180000
115,468/BAM-P/PSP/SJ-TANA TORAJA/26/IX/2023,https://mpo.psp.pertanian.go.id/v.5.1/pelaporan/79352/empty,Tanete,Lamunan,2950000,468.pdf,360000
116,469/BAM-P/PSP/SJ-TANA TORAJA/26/IX/2023,https://mpo.psp.pertanian.go.id/v.5.1/pelaporan/79353/empty,Tedong Batu,Lamunan,2950000,469.pdf,360000
117,470/BAM-P/PSP/SJ-TANA TORAJA/26/IX/2023,https://mpo.psp.pertanian.go.id/v.5.1/pelaporan/79354/empty,Tongka Ka,Lamunan,2950000,470.pdf,360000
118,471/BAM-P/PSP/SJ-TANA TORAJA/26/IX/2023,https://mpo.psp.pertanian.go.id/v.5.1/pelaporan/79355/empty,Tunas Jaya,Lamunan,2950000,471.pdf,360000
119,472/BAM-P/PSP/SJ-TANA TORAJA/26/IX/2023,https://mpo.psp.pertanian.go.id/v.5.1/pelaporan/79356/empty,Melati,Ariang,1475000,472.pdf,180000
120,473/BAM-P/PSP/SJ-TANA TORAJA/26/IX/2023,https://mpo.psp.pertanian.go.id/v.5.1/pelaporan/79357/empty,Siangkaran,Ariang,1475000,473.pdf,180000
121,474/BAM-P/PSP/SJ-TANA TORAJA/26/IX/2023,https://mpo.psp.pertanian.go.id/v.5.1/pelaporan/79358/empty,Sikamali,Ariang,1475000,474.pdf,180000
122,475/BAM-P/PSP/SJ-TANA TORAJA/26/IX/2023,https://mpo.psp.pertanian.go.id/v.5.1/pelaporan/79359/empty,Siporannu,Ariang,1475000,475.pdf,180000
123,476/BAM-P/PSP/SJ-TANA TORAJA/26/IX/2023,https://mpo.psp.pertanian.go.id/v.5.1/pelaporan/79360/empty,Sitiroanan,Ariang,1475000,476.pdf,180000
124,477/BAM-P/PSP/SJ-TANA TORAJA/26/IX/2023,https://mpo.psp.pertanian.go.id/v.5.1/pelaporan/79361/empty,Sumandidi,Ariang,2950000,477.pdf,360000
125,478/BAM-P/PSP/SJ-TANA TORAJA/26/IX/2023,https://mpo.psp.pertanian.go.id/v.5.1/pelaporan/79362/empty,Dendo,Botang,885000,478.pdf,108000
126,479/BAM-P/PSP/SJ-TANA TORAJA/26/IX/2023,https://mpo.psp.pertanian.go.id/v.5.1/pelaporan/79363/empty,Lika,Botang,885000,479.pdf,108000
127,480/BAM-P/PSP/SJ-TANA TORAJA/26/IX/2023,https://mpo.psp.pertanian.go.id/v.5.1/pelaporan/79364/empty,Rante Botang,Botang,885000,480.pdf,108000
128,481/BAM-P/PSP/SJ-TANA TORAJA/26/IX/2023,https://mpo.psp.pertanian.go.id/v.5.1/pelaporan/79365/empty,Tarra Botang,Botang,885000,481.pdf,108000
129,482/BAM-P/PSP/SJ-TANA TORAJA/26/IX/2023,https://mpo.psp.pertanian.go.id/v.5.1/pelaporan/79366/empty,Marendeng Malia,Botang,2950000,482.pdf,360000
130,483/BAM-P/PSP/SJ-TANA TORAJA/26/IX/2023,https://mpo.psp.pertanian.go.id/v.5.1/pelaporan/79367/empty,Bendan Siangkaran,Manggau,2950000,483.pdf,360000
131,484/BAM-P/PSP/SJ-TANA TORAJA/26/IX/2023,https://mpo.psp.pertanian.go.id/v.5.1/pelaporan/79368/empty,Duayan Situru,Manggau,2950000,484.pdf,360000
132,485/BAM-P/PSP/SJ-TANA TORAJA/26/IX/2023,https://mpo.psp.pertanian.go.id/v.5.1/pelaporan/79369/empty,KWT Lestari Manggau,Manggau,1475000,485.pdf,180000
133,486/BAM-P/PSP/SJ-TANA TORAJA/26/IX/2023,https://mpo.psp.pertanian.go.id/v.5.1/pelaporan/79370/empty,Parita Pangle,Manggau,2950000,486.pdf,360000
134,487/BAM-P/PSP/SJ-TANA TORAJA/26/IX/2023,https://mpo.psp.pertanian.go.id/v.5.1/pelaporan/79371/empty,Tuan Palangka,Manggau,1475000,487.pdf,180000
135,488/BAM-P/PSP/SJ-TANA TORAJA/26/IX/2023,https://mpo.psp.pertanian.go.id/v.5.1/pelaporan/79372/empty,Borong,Tarongko,1475000,488.pdf,180000
136,489/BAM-P/PSP/SJ-TANA TORAJA/26/IX/2023,https://mpo.psp.pertanian.go.id/v.5.1/pelaporan/79373/empty,Buntu Tarongko,Tarongko,2950000,489.pdf,360000
137,490/BAM-P/PSP/SJ-TANA TORAJA/26/IX/2023,https://mpo.psp.pertanian.go.id/v.5.1/pelaporan/79374/empty,Gurun Cinta Maju,Tarongko,2950000,490.pdf,360000
138,491/BAM-P/PSP/SJ-TANA TORAJA/26/IX/2023,https://mpo.psp.pertanian.go.id/v.5.1/pelaporan/79375/empty,Lestari,Tarongko,5310000,491.pdf,648000
139,492/BAM-P/PSP/SJ-TANA TORAJA/26/IX/2023,https://mpo.psp.pertanian.go.id/v.5.1/pelaporan/79376/empty,Pekaung,Tarongko,1475000,492.pdf,180000
140,493/BAM-P/PSP/SJ-TANA TORAJA/26/IX/2023,https://mpo.psp.pertanian.go.id/v.5.1/pelaporan/79377/empty,Rante Tarongko,Tarongko,1475000,493.pdf,180000
141,494/BAM-P/PSP/SJ-TANA TORAJA/26/IX/2023,https://mpo.psp.pertanian.go.id/v.5.1/pelaporan/79378/empty,Sangkutu Banne,Tarongko,4720000,494.pdf,576000
142,495/BAM-P/PSP/SJ-TANA TORAJA/26/IX/2023,https://mpo.psp.pertanian.go.id/v.5.1/pelaporan/79379/empty,Siallo,Tarongko,1475000,495.pdf,180000
143,496/BAM-P/PSP/SJ-TANA TORAJA/26/IX/2023,https://mpo.psp.pertanian.go.id/v.5.1/pelaporan/79380/empty,Sipanundu,Tarongko,1770000,496.pdf,216000
144,497/BAM-P/PSP/SJ-TANA TORAJA/26/IX/2023,https://mpo.psp.pertanian.go.id/v.5.1/pelaporan/79381/empty,Siporannu,Tarongko,4425000,497.pdf,540000
145,498/BAM-P/PSP/SJ-TANA TORAJA/26/IX/2023,https://mpo.psp.pertanian.go.id/v.5.1/pelaporan/79382/empty,Todang,Tarongko,2950000,498.pdf,360000
146,499/BAM-P/PSP/SJ-TANA TORAJA/26/IX/2023,https://mpo.psp.pertanian.go.id/v.5.1/pelaporan/79383/empty,Siduruk Bala'ba,Tarongko,1475000,499.pdf,180000
147,500/BAM-P/PSP/SJ-TANA TORAJA/26/IX/2023,https://mpo.psp.pertanian.go.id/v.5.1/pelaporan/79384/empty,Sinar Palio,Tarongko,1475000,500.pdf,180000
148,501/BAM-P/PSP/SJ-TANA TORAJA/26/IX/2023,https://mpo.psp.pertanian.go.id/v.5.1/pelaporan/79385/empty,Rabek,Rante,2950000,501.pdf,360000
149,502/BAM-P/PSP/SJ-TANA TORAJA/26/IX/2023,https://mpo.psp.pertanian.go.id/v.5.1/pelaporan/79386/empty,Rantol,Rante,5900000,502.pdf,720000
150,503/BAM-P/PSP/SJ-TANA TORAJA/26/IX/2023,https://mpo.psp.pertanian.go.id/v.5.1/pelaporan/79387/empty,Sikamalik Mamabo,Rante,1475000,503.pdf,180000
151,504/BAM-P/PSP/SJ-TANA TORAJA/26/IX/2023,https://mpo.psp.pertanian.go.id/v.5.1/pelaporan/79388/empty,Harapan,Rante,8850000,504.pdf,1080000
152,505/BAM-P/PSP/SJ-TANA TORAJA/26/IX/2023,https://mpo.psp.pertanian.go.id/v.5.1/pelaporan/79389/empty,Tunas Bangsa,Rante,7375000,505.pdf,900000
153,506/BAM-P/PSP/SJ-TANA TORAJA/26/IX/2023,https://mpo.psp.pertanian.go.id/v.5.1/pelaporan/79390/empty,Rano,Rante,2950000,506.pdf,360000
154,507/BAM-P/PSP/SJ-TANA TORAJA/26/IX/2023,https://mpo.psp.pertanian.go.id/v.5.1/pelaporan/79391/empty,Parumbian Bangkit,Rante,1475000,507.pdf,180000
155,508/BAM-P/PSP/SJ-TANA TORAJA/26/IX/2023,https://mpo.psp.pertanian.go.id/v.5.1/pelaporan/79392/empty,Malimongan,Rante,5900000,508.pdf,720000
156,509/BAM-P/PSP/SJ-TANA TORAJA/26/IX/2023,https://mpo.psp.pertanian.go.id/v.5.1/pelaporan/79393/empty,Atom Permai,Batupapan,7375000,509.pdf,900000
157,510/BAM-P/PSP/SJ-TANA TORAJA/26/IX/2023,https://mpo.psp.pertanian.go.id/v.5.1/pelaporan/79394/empty,Kalolok Bersatu,Batupapan,7375000,510.pdf,900000
158,511/BAM-P/PSP/SJ-TANA TORAJA/26/IX/2023,https://mpo.psp.pertanian.go.id/v.5.1/pelaporan/79395/empty,Karapa,Batupapan,4425000,511.pdf,540000
159,512/BAM-P/PSP/SJ-TANA TORAJA/26/IX/2023,https://mpo.psp.pertanian.go.id/v.5.1/pelaporan/79396/empty,Sipanundu Kalolok,Batupapan,4425000,512.pdf,540000
160,513/BAM-P/PSP/SJ-TANA TORAJA/26/IX/2023,https://mpo.psp.pertanian.go.id/v.5.1/pelaporan/79397/empty,Sirannuan,Batupapan,4425000,513.pdf,540000
161,514/BAM-P/PSP/SJ-TANA TORAJA/26/IX/2023,https://mpo.psp.pertanian.go.id/v.5.1/pelaporan/79398/empty,Taruna Tani,Batupapan,7375000,514.pdf,900000
162,515/BAM-P/PSP/SJ-TANA TORAJA/26/IX/2023,https://mpo.psp.pertanian.go.id/v.5.1/pelaporan/79399/empty,Tangnga Tondok,Batualu Selatan,8850000,515.pdf,1080000
163,516/BAM-P/PSP/SJ-TANA TORAJA/26/IX/2023,https://mpo.psp.pertanian.go.id/v.5.1/pelaporan/79400/empty,Tamporan,Batualu Selatan,9145000,516.pdf,1116000
164,517/BAM-P/PSP/SJ-TANA TORAJA/26/IX/2023,https://mpo.psp.pertanian.go.id/v.5.1/pelaporan/79401/empty,Pakepakan,Batualu Selatan,8260000,517.pdf,1008000
165,518/BAM-P/PSP/SJ-TANA TORAJA/26/IX/2023,https://mpo.psp.pertanian.go.id/v.5.1/pelaporan/79402/empty,Kendenan,Batualu Selatan,3540000,518.pdf,432000
166,519/BAM-P/PSP/SJ-TANA TORAJA/26/IX/2023,https://mpo.psp.pertanian.go.id/v.5.1/pelaporan/79403/empty,Katapi,Batualu Selatan,5900000,519.pdf,720000
168,521/BAM-P/PSP/SJ-TANA TORAJA/26/IX/2023,https://mpo.psp.pertanian.go.id/v.5.1/pelaporan/79405/empty,Burau Tarrak,Batualu Selatan,5015000,521.pdf,612000
171,524/BAM-P/PSP/SJ-TANA TORAJA/26/IX/2023,https://mpo.psp.pertanian.go.id/v.5.1/pelaporan/79408/empty,To'batata,Batualu Selatan,5900000,524.pdf,720000
173,526/BAM-P/PSP/SJ-TANA TORAJA/26/IX/2023,https://mpo.psp.pertanian.go.id/v.5.1/pelaporan/79410/empty,Tumbubara,Batualu,4130000,526.pdf,504000
175,528/BAM-P/PSP/SJ-TANA TORAJA/26/IX/2023,https://mpo.psp.pertanian.go.id/v.5.1/pelaporan/79412/empty,Batualu Pasang,Batualu,5605000,528.pdf,684000
176,529/BAM-P/PSP/SJ-TANA TORAJA/26/IX/2023,https://mpo.psp.pertanian.go.id/v.5.1/pelaporan/79413/empty,Bamba,Batualu,5900000,529.pdf,720000
177,530/BAM-P/PSP/SJ-TANA TORAJA/26/IX/2023,https://mpo.psp.pertanian.go.id/v.5.1/pelaporan/79414/empty,"AA, Bamba",Batualu,4425000,530.pdf,540000
178,531/BAM-P/PSP/SJ-TANA TORAJA/26/IX/2023,https://mpo.psp.pertanian.go.id/v.5.1/pelaporan/79415/empty,Makula Siendekan,Tokesan,5605000,531.pdf,684000
180,533/BAM-P/PSP/SJ-TANA TORAJA/26/IX/2023,https://mpo.psp.pertanian.go.id/v.5.1/pelaporan/79417/empty,Sullukan,Tokesan,6195000,533.pdf,756000
181,534/BAM-P/PSP/SJ-TANA TORAJA/26/IX/2023,https://mpo.psp.pertanian.go.id/v.5.1/pelaporan/79418/empty,Sipanundu,Tokesan,5015000,534.pdf,612000
182,535/BAM-P/PSP/SJ-TANA TORAJA/26/IX/2023,https://mpo.psp.pertanian.go.id/v.5.1/pelaporan/79419/empty,Siporannu,Tokesan,8850000,535.pdf,1080000
183,536/BAM-P/PSP/SJ-TANA TORAJA/26/IX/2023,https://mpo.psp.pertanian.go.id/v.5.1/pelaporan/79420/empty,Ra'pa,Tokesan,5015000,536.pdf,612000
184,537/BAM-P/PSP/SJ-TANA TORAJA/26/IX/2023,https://mpo.psp.pertanian.go.id/v.5.1/pelaporan/79421/empty,Perang,Tokesan,5605000,537.pdf,684000
186,539/BAM-P/PSP/SJ-TANA TORAJA/26/IX/2023,https://mpo.psp.pertanian.go.id/v.5.1/pelaporan/79423/empty,Kambelangi',Tokesan,5015000,539.pdf,612000
187,540/BAM-P/PSP/SJ-TANA TORAJA/26/IX/2023,https://mpo.psp.pertanian.go.id/v.5.1/pelaporan/79424/empty,Buntu Tokesan,Tokesan,4425000,540.pdf,540000
188,541/BAM-P/PSP/SJ-TANA TORAJA/26/IX/2023,https://mpo.psp.pertanian.go.id/v.5.1/pelaporan/79425/empty,Lengke,Raru Sibunuan,4425000,541.pdf,540000
189,542/BAM-P/PSP/SJ-TANA TORAJA/26/IX/2023,https://mpo.psp.pertanian.go.id/v.5.1/pelaporan/79426/empty,Situru,Raru Sibunuan,8555000,542.pdf,1044000
190,543/BAM-P/PSP/SJ-TANA TORAJA/26/IX/2023,https://mpo.psp.pertanian.go.id/v.5.1/pelaporan/79427/empty,Sipaele,Raru Sibunuan,5015000,543.pdf,612000
193,546/BAM-P/PSP/SJ-TANA TORAJA/26/IX/2023,https://mpo.psp.pertanian.go.id/v.5.1/pelaporan/79430/empty,Mitra Sejahtera,Raru Sibunuan,16225000,546.pdf,1980000
194,547/BAM-P/PSP/SJ-TANA TORAJA/26/IX/2023,https://mpo.psp.pertanian.go.id/v.5.1/pelaporan/79431/empty,"KTH, Mentiro Tiku, T",Raru Sibunuan,5900000,547.pdf,720000
195,548/BAM-P/PSP/SJ-TANA TORAJA/26/IX/2023,https://mpo.psp.pertanian.go.id/v.5.1/pelaporan/79432/empty,Kombong,Raru Sibunuan,5310000,548.pdf,648000
196,549/BAM-P/PSP/SJ-TANA TORAJA/26/IX/2023,https://mpo.psp.pertanian.go.id/v.5.1/pelaporan/79433/empty,Buntu Asin,Raru Sibunuan,5015000,549.pdf,612000
197,550/BAM-P/PSP/SJ-TANA TORAJA/26/IX/2023,https://mpo.psp.pertanian.go.id/v.5.1/pelaporan/79434/empty,Siangkaran,Rante Alang,5605000,550.pdf,684000
198,551/BAM-P/PSP/SJ-TANA TORAJA/26/IX/2023,https://mpo.psp.pertanian.go.id/v.5.1/pelaporan/79435/empty,Kondo,Rante Alang,5015000,551.pdf,612000
199,552/BAM-P/PSP/SJ-TANA TORAJA/26/IX/2023,https://mpo.psp.pertanian.go.id/v.5.1/pelaporan/79436/empty,Kamiri,Rante Alang,6785000,552.pdf,828000
201,554/BAM-P/PSP/SJ-TANA TORAJA/26/IX/2023,https://mpo.psp.pertanian.go.id/v.5.1/pelaporan/79438/empty,Batakan Siolanan,Rante Alang,5605000,554.pdf,684000
203,556/BAM-P/PSP/SJ-TANA TORAJA/26/IX/2023,https://mpo.psp.pertanian.go.id/v.5.1/pelaporan/79440/empty,Garuda,Saluallo,5015000,556.pdf,612000
204,557/BAM-P/PSP/SJ-TANA TORAJA/26/IX/2023,https://mpo.psp.pertanian.go.id/v.5.1/pelaporan/79441/empty,Segitiga Emas,Saluallo,5900000,557.pdf,720000
205,558/BAM-P/PSP/SJ-TANA TORAJA/26/IX/2023,https://mpo.psp.pertanian.go.id/v.5.1/pelaporan/79442/empty,Makkareso,Madandan,5900000,558.pdf,720000
206,559/BAM-P/PSP/SJ-TANA TORAJA/26/IX/2023,https://mpo.psp.pertanian.go.id/v.5.1/pelaporan/79443/empty,Sanik,Balepe',7375000,559.pdf,900000
207,560/BAM-P/PSP/SJ-TANA TORAJA/26/IX/2023,https://mpo.psp.pertanian.go.id/v.5.1/pelaporan/79444/empty,Rumpun Petani Leppan,Leppan,7375000,560.pdf,900000
208,561/BAM-P/PSP/SJ-TANA TORAJA/26/IX/2023,https://mpo.psp.pertanian.go.id/v.5.1/pelaporan/79445/empty,Situnduan Matangli,Leppan,7375000,561.pdf,900000
209,562/BAM-P/PSP/SJ-TANA TORAJA/26/IX/2023,https://mpo.psp.pertanian.go.id/v.5.1/pelaporan/79446/empty,Siangkaran,Leppan,7375000,562.pdf,900000
210,563/BAM-P/PSP/SJ-TANA TORAJA/26/IX/2023,https://mpo.psp.pertanian.go.id/v.5.1/pelaporan/79447/empty,Sangina,Lemo Menduruk,7375000,563.pdf,900000
211,564/BAM-P/PSP/SJ-TANA TORAJA/26/IX/2023,https://mpo.psp.pertanian.go.id/v.5.1/pelaporan/79448/empty,Kanan Datu,Lemo Menduruk,7375000,564.pdf,900000
212,565/BAM-P/PSP/SJ-TANA TORAJA/26/IX/2023,https://mpo.psp.pertanian.go.id/v.5.1/pelaporan/79449/empty,Sabara,Lemo Menduruk,8850000,565.pdf,1080000
213,566/BAM-P/PSP/SJ-TANA TORAJA/26/IX/2023,https://mpo.psp.pertanian.go.id/v.5.1/pelaporan/79450/empty,Sanglombokan,Lemo Menduruk,7375000,566.pdf,900000
214,567/BAM-P/PSP/SJ-TANA TORAJA/26/IX/2023,https://mpo.psp.pertanian.go.id/v.5.1/pelaporan/79451/empty,Salu Silullung,Malimbong,7375000,567.pdf,900000
215,568/BAM-P/PSP/SJ-TANA TORAJA/26/IX/2023,https://mpo.psp.pertanian.go.id/v.5.1/pelaporan/79452/empty,Bulan,Malimbong,7375000,568.pdf,900000
216,569/BAM-P/PSP/SJ-TANA TORAJA/26/IX/2023,https://mpo.psp.pertanian.go.id/v.5.1/pelaporan/79453/empty,Sollongan,Malimbong,7375000,569.pdf,900000
217,570/BAM-P/PSP/SJ-TANA TORAJA/26/IX/2023,https://mpo.psp.pertanian.go.id/v.5.1/pelaporan/79454/empty,Bidoko,Kole Sawangan,8850000,570.pdf,1080000
218,571/BAM-P/PSP/SJ-TANA TORAJA/26/IX/2023,https://mpo.psp.pertanian.go.id/v.5.1/pelaporan/79455/empty,Supate Solo,Kole Sawangan,7375000,571.pdf,900000
219,572/BAM-P/PSP/SJ-TANA TORAJA/26/IX/2023,https://mpo.psp.pertanian.go.id/v.5.1/pelaporan/79456/empty,Sangayoka Tallumanuk,Kole Sawangan,7375000,572.pdf,900000
220,573/BAM-P/PSP/SJ-TANA TORAJA/26/IX/2023,https://mpo.psp.pertanian.go.id/v.5.1/pelaporan/79457/empty,Kole,Kole Sawangan,8850000,573.pdf,1080000
221,574/BAM-P/PSP/SJ-TANA TORAJA/26/IX/2023,https://mpo.psp.pertanian.go.id/v.5.1/pelaporan/79458/empty,Tondon Sapan,Kole Barebatu,7375000,574.pdf,900000
222,575/BAM-P/PSP/SJ-TANA TORAJA/26/IX/2023,https://mpo.psp.pertanian.go.id/v.5.1/pelaporan/79459/empty,Liku Lepong,Kole Barebatu,8850000,575.pdf,1080000
223,576/BAM-P/PSP/SJ-TANA TORAJA/26/IX/2023,https://mpo.psp.pertanian.go.id/v.5.1/pelaporan/79460/empty,Kwt Harapan,Kole Barebatu,2950000,576.pdf,360000
224,577/BAM-P/PSP/SJ-TANA TORAJA/26/IX/2023,https://mpo.psp.pertanian.go.id/v.5.1/pelaporan/79461/empty,Tallu Bulinna,Kole Barebatu,8850000,577.pdf,1080000
225,578/BAM-P/PSP/SJ-TANA TORAJA/26/IX/2023,https://mpo.psp.pertanian.go.id/v.5.1/pelaporan/79462/empty,Pa'tondokan,Kole Barebatu,8850000,578.pdf,1080000
226,579/BAM-P/PSP/SJ-TANA TORAJA/26/IX/2023,https://mpo.psp.pertanian.go.id/v.5.1/pelaporan/79463/empty,Salempanna,Lion Tondok Iring,4425000,579.pdf,540000
